country,year,Apples (red) - Wholesale,Apples - Retail,Bananas - Retail,Bananas - Wholesale,Barley - Wholesale,Beans (black) - Retail,"Beans (black, imported) - Wholesale",Beans (cranberry) - Wholesale,"Beans (green, fresh) - Retail","Beans (green, fresh) - Wholesale",Beans (niebe) - Retail,Beans (red) - Wholesale,"Beans (red, fresh) - Wholesale",Beans (string) - Wholesale,Beans (white) - Retail,"Beans (yardlong, green) - Retail","Beans (yardlong, green) - Wholesale",Beetroots - Wholesale,Blackberry - Wholesale,Bread (khoboz) - Retail,Bread (pita) - Retail,Bread - Retail,Broccoli - Wholesale,Bulgur (brown) - Retail,Bulgur - Retail,"Cabbage (chinese, flowering) - Retail","Cabbage (chinese, flowering) - Wholesale",Cabbage - Retail,Cabbage - Wholesale,Carrots - Retail,Carrots - Wholesale,Cassava (cossette) - Retail,Cassava (dry) - Wholesale,Cassava - Retail,Cassava - Wholesale,Cauliflower - Wholesale,Cheese (local) - Retail,Cheese (local) - Wholesale,Cheese - Wholesale,Chicken - Retail,Chickpeas (imported) - Wholesale,Chickpeas - Retail,Chili (bird's eye) - Retail,"Chili (bird's eye, green) - Retail","Chili (bird's eye, red) - Retail",Chili (red) - Retail,"Chili (red, curly) - Retail","Chili (red, large) - Retail",Coffee - Wholesale,Cucumbers (greenhouse) - Retail,Cucumbers (greenhouse) - Wholesale,Dates - Retail,Eggplants - Retail,Eggplants - Wholesale,Eggs (broiler) - Retail,Eggs - Retail,Fish (catfish) - Retail,Fish (catfish) - Wholesale,Fish (dry) - Wholesale,Fish (frozen) - Retail,Fish (frozen) - Wholesale,"Fish (sardine, canned) - Wholesale",Fish (smoked) - Retail,Fish (snake head) - Retail,Fish (snake head) - Wholesale,"Fish (snake head, dry) - Retail","Fish (snake head, dry) - Wholesale",Fish (striped catfish) - Retail,Fish (striped catfish) - Wholesale,Fish (tilapia) - Wholesale,"Fish (tuna, canned) - Wholesale",Fish - Retail,Fuel (gas) - Retail,Garlic (medium) - Retail,Garlic - Retail,Garlic - Wholesale,Groundnuts (shelled) - Retail,Groundnuts (unshelled) - Retail,Groundnuts - Retail,Guava - Wholesale,Handwash soap - Retail,Lemons - Wholesale,Lentils (broken) - Retail,Lentils (brown) - Retail,Lentils (green) - Retail,Lentils (imported) - Wholesale,Lentils (red) - Retail,Lentils - Retail,Maize (local) - Wholesale,Maize (white) - Wholesale,Maize (yellow) - Wholesale,Maize - Retail,Maize flour - Wholesale,Mangoes - Wholesale,"Meat (antelope, smoked) - Retail",Meat (beef) - Retail,Meat (beef) - Wholesale,"Meat (beef, first quality) - Retail","Meat (beef, minced) - Wholesale","Meat (beef, second quality) - Retail",Meat (camel) - Retail,Meat (chicken) - Retail,Meat (chicken) - Wholesale,"Meat (chicken, broiler) - Retail","Meat (chicken, frozen) - Retail","Meat (chicken, whole, frozen) - Retail","Meat (chicken, whole, frozen) - Wholesale","Meat (gazelle, smoked) - Retail",Meat (lamb) - Retail,Meat (pork) - Wholesale,"Meat (pork, with fat) - Retail","Meat (pork, with fat) - Wholesale",Milk (powder) - Retail,Milk (powder) - Wholesale,Millet - Retail,Oil (cooking) - Retail,Oil (sunflower) - Wholesale,Oil (vegetable) - Retail,"Oil (vegetable, bulk) - Retail","Oil (vegetable, packaged) - Retail",Onions (local) - Wholesale,Onions (red) - Wholesale,Onions (shallot) - Retail,"Onions (shallot, medium) - Retail",Onions (white) - Wholesale,Onions - Retail,Oranges (big size) - Wholesale,Oranges - Retail,Oranges - Wholesale,Papaya - Wholesale,Passion fruit - Wholesale,Pasta (spaghetti) - Retail,Pasta - Wholesale,Peanut - Retail,Peas (fresh) - Wholesale,"Peas (green, dry) - Wholesale",Peppers (red) - Wholesale,Plantains - Wholesale,Potatoes (black) - Wholesale,Potatoes (red) - Retail,Potatoes (unica) - Wholesale,Potatoes - Retail,Potatoes - Wholesale,Prawn - Wholesale,Pulses - Retail,Pumpkin - Retail,Pumpkin - Wholesale,"Rice (broken, imported) - Retail",Rice (coarse) - Retail,Rice (high quality) - Retail,Rice (high quality) - Wholesale,"Rice (imported, Egyptian) - Retail",Rice (low quality) - Retail,Rice (medium grain) - Retail,Rice (medium quality) - Retail,"Rice (mixed, low quality) - Retail","Rice (mixed, low quality) - Wholesale","Rice (ordinary, first quality) - Wholesale","Rice (ordinary, second quality) - Wholesale",Rice - Retail,Salt (iodised) - Retail,Salt (iodised) - Wholesale,Salt - Retail,Salt - Wholesale,Sesame - Retail,Snake gourd - Retail,Snake gourd - Wholesale,Sorghum - Retail,Soybeans - Wholesale,Spinach - Retail,Spinach - Wholesale,Squashes - Retail,Sugar (brown) - Wholesale,"Sugar (brown, loaf) - Wholesale",Sugar (local) - Retail,Sugar (premium) - Retail,Sugar (white) - Retail,Sugar (white) - Wholesale,Sugar - Retail,Sugar - Wholesale,Tea - Retail,Tomatoes (dried) - Wholesale,Tomatoes (local) - Wholesale,Tomatoes - Retail,Tomatoes - Wholesale,Water spinach - Retail,Water spinach - Wholesale,Wax gourd - Retail,Wax gourd - Wholesale,Wheat - Retail,Wheat - Wholesale,Wheat flour (high quality) - Retail,Wheat flour (local) - Wholesale,Wheat flour (low quality) - Retail,Wheat flour - Retail,Wheat flour - Wholesale,Yam - Wholesale
Afghanistan,2000,,,,,,,,,,,,,,,,,,,,,,17.21375,,,,,,,,,,,,,,,,,,,,,,,,,,,,,,,,,,,,,,,,,,,,,,,,,,,,,,,,,,,,,,,,,,,,,,,,,,,,,,,,,,,,,,,,,,,,,,,,,,,,,,,,,,,,,,,,,,,,,,,,,,,,,,,,,,,,,,,,,,,,,,,,,,,,,,,,,,,,,,,,,,,,,,,,12.116458333333334,,,,,14.202916666666667,,
Afghanistan,2001,,,,,,,,,,,,,,,,,,,,,,16.522666666666666,,,,,,,,,,,,,,,,,,,,,,,,,,,,,,,,,,,,,,,,,,,,,,,,,,,,,,,,,,,,,,,,,,,,,,,,,,,,,,,,,,,,,,,,,,,,,,,,,,,,,,,,,,,,,,,,,,,,,,,,,,,,,,,,,,,,,,,,,,,,,,,,,,,,,,,,,,,,,,,,,,,,,,,,10.286,,,,,11.76088888888889,,
Afghanistan,2002,,,,,,,,,,,,,,,,,,,,,,11.587872340425532,,,,,,,,,,,,,,,,,,,,,,,,,,,,,,,,,,,,,,,,,,,,,,,,,,,,,,,,,,,,,,,,,,,,,,,,,,,,,,,,,,,,,,,,,,,,,,,,,,,,,,,,,,,,,,,,,,,,,,,,,,,,,,,,,,,,,,,,,,,,,,,,,,,,,,,,,,,,,,,,,,,,,,,,5.923125,,,,,7.380624999999999,,
Afghanistan,2003,,,,,,,,,,,,,,,,,,,,,,13.016666666666666,,,,,,,,,,,,,,,,,,,,,,,,,,,,,,,,,,,,,,,,,,,,,,,,,,,,,,,,,,,,,,,,,,,,,,,,,,,,,,,,,,,,,,,,,,,,,,,,,,,,,,,,,,,,,,,,,,,,,,,,,,,,,,,,,,,,,,,,,,,,,,,,,,,,,,,,,,,,,,,,,,,,,,,,7.089340277777778,,,,,9.660416666666666,,
Afghanistan,2004,,,,,,,,,,,,,,,,,,,,,,15.622916666666667,,,,,,,,,,,,,,,,,,,,,,,,,,,,,,,,,,,,,,,,,,,,,,,,,,,,,,,,,,,,,,,,,,,,,,,,,,,,,,,,,,,,,,,,,,,,,,,,,,,,,,,,,,,,,,,,,,,,,,,,,,,,,,,,,,,,,,,,,,,,,,,,,,,,,,,,,,,,,,,,,,,,,,,,9.06158021978022,,,,,11.891666666666666,,
Afghanistan,2005,,,,,,,,,,,,,,,,,,,,,,18.770833333333332,,,,,,,,,,,,,,,,,,,,,,,,,,,,,,,,,,,,,,,,,,,,,,,,,,,,,,,,,,,,,,,,,,,,,,,,,,,,,,,,,,,,,,,,,,,,,,,,,,,,,,,,,,,,,,,,,,,,,,,,,,,,,,,,,,,,,,,,,,,,,,,,,,,,,,,,,,,,,,,,,,,,,,,,11.0809375,,,,,13.647916666666667,,
Afghanistan,2006,,,,,,,,,,,,,,,,,,,,,,20.022916666666667,,,,,,,,,,,,,,,,,,,,,,,,,,,,,,,,,,,,,,,,,,,,,,,,,,,,,,,,,,,,,,,,,,,,,,,,,,,,,,,,,,,,,,,,,,,,,,,,,,,,,,,,,,,,,,,,,,,,,,,,,,,,,,,,,,,,,,,,,,,,,,,,,,,,,,,,,,,,,,,,,,,,,,,,11.978384375,,,,,13.4,,
Afghanistan,2007,,,,,,,,,,,,,,,,,,,,,,23.931250000000002,,,,,,,,,,,,,,,,,,,,,,,,,,,,,,,,,,,,,,,,,,,,,,,,,,,,,,,,,,,,,,,,,,,,,,,,,,,,,,,,,,,,,,,,,,,,,,,,,,,,,,,,,,,,,,,,,,,,,,,,,,,,,,,,,,,27.249532710280373,,,,,,,,,,,,,,,,,,,,,,,,,,,,,,,,,,,,,14.163317757009345,,,,,15.254166666666668,,
Afghanistan,2008,,,,,,,,,,,,,,,,,,,,,,46.17729166666667,,,,,,,,,,,,,,,,,,,,,,,,,,,,,,,,,,,,,,,,,,,,,,,,,,,,,,,,,,,,,,,,,,,,,,,,,,,,,,,,,,,,,,,,,,,,,,,,,,,,,,,,,,,,,,,,,,,,,,,,,,,,,,,,,,,40.33639423076923,,,,,,,,,,,,,,,,,,,,,,,,,,,,,,,,,,,,,28.158587962962965,,,,,33.29770833333333,,
Afghanistan,2009,,,,,,,,,,,,,,,,,,,,,,40.397708333333334,,,,,,,,,,,,,,,,,,,,,,,,,,,,,,,,,,,,,,,,,,,,,,,,,,,,,,,,,,,,,,,,,,,,,,,,,,,,,,,,,,,,,,,,,,,,,,,,,,,,,,,,,,,,,,,,,,,,,,,,,,,,,,,,,,,34.72033148148148,,,,,,,,,,,,,,,,,,,,,,,,,,,,,,,,,,,,,18.749808333333334,,,,,22.444166666666664,,
Afghanistan,2010,,,,,,,,,,,,,,,,,,,,,,32.23854166666667,,,,,,,,,,,,,,,,,,,,,,,,,,,,,,,,,,,,,,,,,,,,,,,,,,,,,,,,,,,,,,,,,,,,,,,,,,,,,,,,,,,,,,,,,,,,,,,,,,,,,,,,,,,,,,,,,,,,,,,,,,,,,,,,,,,31.72601308411215,,,,,,,,,,,,,,,,,,,,,,,,,,,,,,,,,,,,,14.791939252336448,,,,,19.806250000000002,,
Afghanistan,2011,,,,,,,,,,,,,,,,,,,,,,35.01,,,,,,,,,,,,,,,,,,,,,,,,,,,,,,,,,,,,,,,,,,,,,,,,,,,,,,,,,,,,,,,,,,,,,,,,,,,,,,,,,,,,,,,,,,,,,,,,,,,,,,,,,,,,,,,,,,,,,,,,,,,,,,,,,,,32.85533707865169,,,,,,,,,,,,,,,,,,,,,,,,,,,,,,,,,,,,,19.572837078651688,,,,,23.70958333333333,,
Afghanistan,2012,,,,,,,,,,,,,,,,,,,,,,35.51541666666667,,,,,,,,,,,,,,,,,,,,,,,,,,,,,,,,,,,,,,,,,,,,,,,,,,,,,,,,,,,,,,,,,,,,,,,,,,,,,,,,,,,,,,,,,,,,,,,,,,,,,,,,,,,,,,,,,,,,,,,,,,,,,,,,,,,38.04635416666667,,,,,,,,,,,,,,,,,,,,,,,,,,,,,,,,,,,,,19.562620833333334,,,,,23.757916666666663,,
Afghanistan,2013,,,,,,,,,,,,,,,,,,,,,,35.469375,,,,,,,,,,,,,,,,,,,,,,,,,,,,,,,,,,,,,,,,,,,,,,,,,,,,,,,,,,,,,,,,,,,,,,,,,,,,,,,,,,,,,,,,,,,,,,,,,,,,,,,,,,,,,,,,,,,,,,,,,,,,,,,,,,,46.96,,,,,,,,,,,,,,,,,,,,,,,,,,,,,,,,,,,,,21.76633152173913,,,,,27.380625,,
Afghanistan,2014,,,,,,,,,,,,,,,,,,,,,,42.840260416666666,,,,,,,,,,,,,,,,,,,,,,,,,,,,,,,,,,,,,,,,,,,,,,,,,,,,,,,,,,,,,,,,,,,,,,,,,,,,,,,,,,,,,,,,,,,,,,,,,,,,,,,,,,,,,,,,,,,,,,,,,,,,,,,,,,,43.06666666666666,,,,,,,,,,,,,,,,,,,,,,,,,,,,,,,,,,,,,24.2775,,,,,28.276666666666667,,
Afghanistan,2015,,,,,,,,,,,,,,,,,,,,,,44.385625,,,,,,,,,,,,,,,,,,,,,,,,,,,,,,,,,,,,,,,,,,,,,,,,,,,,,,,,,,,,,,,,,,,,,,,,,,,,,,,,,,,,,,,,,,,,,,,,,,,,,,,,,,,,,,,,,,,,,,,,,,,,,,,,,,,39.621874999999996,,,,,,,,,,,,,,,,,,,,,,,,,,,,,,,,,,,,,23.417708333333334,,,,,27.23875,,
Afghanistan,2016,,,,,,,,,,,,,,,,,,,,,,44.7025,,,,,,,,,,,,,,,,,,,,,,,,,,,,,,,,,,,,,,,,,,,,,,,,,,,,,,,,,,,,,,,,,,,,,,,,,,,,,,,,,,,,,,,,,,,,,,,,,,,,,,,,,,,,,,,,,,,,,,,,,,,,,,,,,,,41.435227272727275,,,,,,,,,,,,,,,,,,,,,,,,,,,,,,,,,,,,,23.992414772727273,,,,,27.249583333333334,,
Afghanistan,2017,,,,,,,,,,,,,,,,,,,,,,44.453541666666666,,,,,,,,,,,,,,,,,,,,,,,,,,,,,,,,,,,,,,,,,,,,,,,,,,,,,,,,,,,,,,,,,,,,,,,,,,,,,,,,,,,,,,,,,,,,,,,,,,,,,,,,,,,,,,,,,,,,,,,,,,,,,,,,,,,44.235677083333336,,,,,,,,,,,,,,,,,,,,,,,,,,,,,,,,,,,,,23.530989583333334,,,,,26.612083333333334,,
Afghanistan,2018,,,,,,,,,,,,,,,,,,,,,,44.288645833333334,,,,,,,,,,,,,,,,,,,,,,,,,,,,,,,,,,,,,,,,,,,,,,,,,,,,,,,,,,,,,,,,,,,,,,,,,,,,,,,,,,,,,,,,,,,,,,,,,,,,,,,,,,,,,,,,,,,,,,,,,,,,,,,,,,,46.09270833333333,,,,,,,,,,,,,,,,,,,,,,,,,,,,,,,,,,,,,23.26609375,,,,,26.022499999999997,,
Afghanistan,2019,,,,,,,,,,,,,,,,,,,,,,44.50692708333333,,,,,,,,,,,,,,,,,,,,,,,,,,,,,,,,,,,,,,,,,,,,,,,,,,,,,,,,,,,,,,,,,,,,,,,,,,,,,,,,,,,,,,,,,,,,,,,,,,,,,,,,,,,,,,,,,,,,,,,,,,,,,,,,,,,45.873697916666664,,,,,,,,,,,,,,,,,,,,,,,,,,,,,,,,,,,,,24.554427083333334,,,,,28.725416666666664,,
Afghanistan,2020,,,,,,,,,,,,,,,,,,,,,,50.88217401315789,,,,,,,,,,,,,,,,,,,,,,,,,,,,,,,,,,,,,,,,,,,,,,,,,,,,,,,,,,,,,,,,,,,,,,,,,,,,,,,,,,,,,,,,,,,,,,102.24613823529411,,,,,,,,,,,,,,,,,,,,,,,,,,,,,92.84295330882352,,,,,87.35355404411766,,,48.948244407894734,,,,,,,,,,12.45526911764706,,,,,,,,,,,,,,,,49.90723125,,,,,,,,,,,29.133744407894735,,35.59056507352941,,32.17873786764706,,,
Afghanistan,2021,,,,,,,,,,,,,,,,,,,,,,52.533263445378154,,,,,,,,,,,,,,,,,,,,,,,,,,,,,,,,,,,,,,,,,,,,,,,,,,,,,,,,,,,,,,,,,,,,,,,,,,,,,,,,,,,,,,,,,,,,,,125.29593907563024,,,,,,,,,,,,,,,,,,,,,,,,,,,,,91.93249285714286,,,,,88.02759117647058,,,49.69957983193277,,,,,,,,,,13.428011344537815,,,,,,,,,,,,,,,,50.60980462184874,,,,,,,,,,,31.087973839662446,,34.782842436974796,,31.782213025210083,,,
Algeria,2015,,254.08333333333334,225.61111111111111,,,,,,,,,,,,207.38888888888889,,,,,,,,,,,,,,,98.05555555555556,,,,,,,,,,,,,,,,,,,,,,,,,,,,,,,,,,,,,,,,,,,,,,,,,,,,,,,,,,191.40277777777777,,,,,,,,1200.0,,,,,614.8148148148148,348.1666666666667,,,,,,,,,,,,,,,,,,,,,,,,89.69444444444444,,220.875,,,,,,,,,,,,,,78.5,,,,,,,,,,,,,,,,,,90.69444444444444,,,,,,,,,,,,,,,,,,,95.05555555555556,,552.3333333333334,,,97.84722222222223,,,,,,,,,,,,,
Algeria,2016,,371.02272727272725,290.0,,,,,,,,,,,,208.29545454545453,,,,,,,,,,,,,,,95.36363636363636,,,,,,,,,,,,,,,,,,,,,,,,,,,,,,,,,,,,,,,,,,,,,,,,,,,,,,,,,,215.0,,,,,,,,,,,,,669.4594594594595,338.95454545454544,,,,,,,,,,,,,,,,,,,,,,,,81.9090909090909,,,,,,,,,,,,,,,,68.63636363636364,,,,,,,,,,,,,,,,,,106.25,,,,,,,,,,,,,,,,,,,97.4090909090909,,418.57142857142856,,,84.18181818181819,,,,,,,,,,,,,
Cambodia,2003,,,,,,,,,,,,,,,,,,,,,,,,,,,,,,,,,,,,,,,,,,,,,,,,,,,,,,,,,,,,,,,,,,,,,,,,,,,,,,,,,,,,,,,,,,,,,,,,,,,,,,,,,,,,,,,,,,,,,,,,,,,,,,,,,,,,,,,,,,,,,,,,,,,,,,,,,,,,,679.8611111111111,,,,,,,,,,,,,,,,,,,,,,,,,,,,,,,,,,,,,,,,
Cambodia,2004,,,,,,,,,,,,,,,,,,,,,,,,,,,,,,,,,,,,,,,,,,,,,,,,,,,,,,,,,,,,,,,,,,,,,,,,,,,,,,,,,,,,,,,,,,,,,,,,,,,,,,,,,,,,,,,,,,,,,,,,,,,,,,,,,,,,,,,,,,,,,,,,,,,,,,,,,,,,,837.3845192307692,,,,,,,,,,,,,,,,,,,,,,,,,,,,,,,,,,,,,,,,
Cambodia,2005,,,,,,,,,,,,,,,,,,,,,,,,,,,,,,,,,,,,,,,,,,,,,,,,,,,,,,,,,,,,,,,,,,,,,,,,,,,,,,,,,,,,,,,,,,,,,,,,,,,,,,,,,,,,,,,,,,,,,,,,,,,,,,,,,,,,,,,,,,,,,,,,,,,,,,,,,,,,,980.4425,,,,,,,,,,,,,,,,,,,,,,,,,,,,,,,,,,,,,,,,
Cambodia,2006,,,,,,,,,,,,,,,,,,,,,,,,,,,,,,,,,,,,,,,,,,,,,,,,,,,,,,,,,,,,,,,,,,,,,,,,,,,,,,,,,,,,,,,,,,,,,,,,,,,,,,,,,,,,,,,,,,,,,,,,,,,,,,,,,,,,,,,,,,,,,,,,40288.194658333334,,,,,,,,,,,,,887.8931709302325,,,,,,,,,,,,1345.2083333333333,,,,,,,,,,,,,,,,,,,,,,,,,,,,
Cambodia,2007,,,,,,,,,,,,,,,,,,,,,,,,,,,,,,,,,,,,,,,,,,,,,,,,,,,,,,,,,,,,,,,,,,,,,,,,,,,,,,,,,,,,,,,,,,,,,,,,,,,,,,,,,,,,,,,,,,,,,,,,,,,,,,,,,,,,,,,,,,,,,,,,42554.385733333336,,,,,,,,,,,,,1156.2940225490197,,,,,,,,,,,,1992.703877777778,,,,,,,,,,,,,,,,,,,,,,,,,,,,
Cambodia,2008,,,,,,,,,,,,,,,,,,,,,,,,,,,,,,,,,,,,,,,,,,,,,,,,,,,,,,,,,,,,,,,,,,,,,,,,,,,,,,,,,,,,,,,,,,,,,,,,,,,,,,,,,,,,,,,,,,,,,,,,,,,,,,,,,,,,,,,,,,,,,,,,31424.900075,,,,,,,,,,,,,1824.209238095238,,,,,,,,,,,,2860.5208444444447,,,,,,,,,,,,,,,,,,,,,,,,,,,,
Cambodia,2009,,,,,,,,,,,,,,,,,,,,,,,,,,,,,,,,,,,,,,,,,,,,,,,,,,,,,,,,,,,,,,,,,,,,,,,,,,,,,,,,,,,,,,,,,,,,,,,,,,,,,,,,,,,,,,,,,,,,,,,,,,,,,,,,,,,,,,,,,,,,,,,,30370.291666666668,,,,,,,,,,,,,1472.143199074074,,,,,,,,,,,,2388.7435944444446,,,,,,,,,,,,,,,,,,,,,,,,,,,,
Cambodia,2010,,,,,,,,,,,,,,,,,,,,,,,,,,,,,,,,,,,,,,,,,,,,,,,,,,,,,,,,,,,,,,,,,,,,,,,,,,,,,,,,,,,,,,,,,,,,,,,,,,,,,,,,,,,,,,,,,,,,,,,,,,,,,,,,,,,,,,,,,,,,,,,,24783.332358333337,,,,,,,,,,,,,1684.7870093457943,,,,,,,,,,,,2517.0380611111113,,,,,,,,,,,,,,,,,,,,,,,,,,,,
Cambodia,2011,,,,,,,,,,,,,,,,,,,,,,,,,,,,,,,,,,,,,,,,,,,,,,,,,,,,,,,,,,,,,,,,,,,,,,,,,,,,,,,,,,,,,,,,,,,,,,,,,,,,,,,,,,,,,,,,,,,,,,,,,,,,,,,,,,,,,,,,,,,,,,,,25438.041824999997,,,,,,,,,,,,,1822.487086407767,,,,,,,,,,,,2975.545002777778,,,,,,,,,,,,,,,,,,,,,,,,,,,,
Cambodia,2012,,,,,,,,,,,,,,,,,,,,,,,,,,,,,,,,,,,,,,,,,,,,,,,,,,,,,,,,,,,,,,,,,,,,,,,,,,,,,,,,,,,,,,,,,,,,,,,,,,,,,,,,,,,,,,,,,,,,,,,,,,,,,,,,,,,,,,,,,,,,,,,,33898.542,,,,,,,,,,,,,1792.810202020202,,,,,,,,,,,,2941.339425714286,,,,,,,,,,,,,,,,,,,,,,,,,,,,
Cambodia,2013,,,,,,,,,,,,,,,,,,,,,,,,,,,,,,,,,,,,,,,,,,,,,,,,,,,,,,,,,,,,,,,,,,,,,,,,,,,,,,,,,,,,,,,,,,,,,,,,,,,,,,,,,,,,,,,,,,,,,,,,,,,,,,,,,,,,,,,,,,,,,,,,40367.22249166667,,,,,,,,,,,,1778.8854779141102,1714.2182474226806,,,,,,,,,,,,3660.203883333333,,,,,,,,,,,,,,,,,,,,,,,,,,,,
Cambodia,2014,,,,,,,,,,,,,,,,,,,,,,,,,,,,,,,,,,,,,,,,,,,,,,,,,,,,,,,,,,,,,,,,,,,,,,,,,,,,,,,,,,,,,,,,,,,,,,,,,,,,,,,,,,,,,,,15133.33333,,,,,,,4917.73333,,,,,,,,,,,,,,,,,,,,,,,,,,56650.0,,,,,,,,,,,,1731.2499987068966,1641.7324137931034,,,,,,,,,,,,3210.3333333333335,,,,,,,,,,,,,,,,,,,,,,,,,,,,
Cambodia,2015,,,,,,,,,,,,,,,,,,,,,,,,,,,,,,,,,,,,,,,,,,,,,,,,,,,,,,,,,,,,,,,,,,,,,,,,,,,,,,,,,,,,,,,,,,,,,,,,,,,,,,,,,,,,,,,14264.529913247863,,,,,,,4660.474363247863,,,,,,,,,,,,,,,,,,,,,,,,,,53480.5,,,,,,,,,,,,1725.4976958525347,1563.0865289256199,,,,,,,,,,,,2849.222222222222,,,,,,,,,,,,,,,,,,,,,,,,,,,,
Cambodia,2016,,,,,,,,,,,,,,,,,,,,,,,,,,,,,,,,,,,,,,,,,,,,,,,,,,,,,,,,,,,,,,,,,,,,,,,,,,,,,,,,,,,,,,,,,,,,,,,,,,,,,,,,,,,,,,,13761.65803316062,,,,,,,4528.058584536083,,,,,,,,,,,,,,,,,,,,,,,,,,51102.666666666664,,,,,,,,,,,,1758.7947282485877,1604.9103007518797,,,,,,,,,,,,3021.3333333333335,,,,,,,,,,,,,,,,,,,,,,,,,,,,
Cambodia,2017,,,,,,,,,,,,,,,,,,,,,,,,,,,,,,,,,,,,,,,,,,,,,,,,,,,,,,,,,,,,,,,,,,,,,,,,,,,,,,,,,,,,,,,,,,,,,,,,,,,,,,,,,,,,,,,11879.464283928572,,,,,,,4556.125753097345,,,,,,,,,,,,,,,,,,,,,,,,,,67430.5,,,,,,,,,,,,1721.0606063636365,1657.4886363636363,,,,,,,,,,,,3237.5,,,,,,,,,,,,,,,,,,,,,,,,,,,,
Cambodia,2018,,,,,,,,,,,,,,,,,,,,,,,,,,,,,,,,,,,,,,,,,,,,,,,,,,,,,,,,,,,,,,,,,,,,,,,,,,,,,,,,,,,,,,,,,,,,,,,,,,,,,,,,,,,,,,,13394.42701986755,,,,,,,5949.088117647058,,,,,,,,,,,,,,,,,,,,,,,,,,70095.33333333333,,,,,,,,,,,,,1788.0157205240173,,,,,,,,,,,,3194.8888888888887,,,,,,,,,,,,,,,,,,,,,,,,,,,,
Cambodia,2019,,,,,,,,,,,,,,,,4072.323529411765,3516.6323529411766,,,,,,,,,3254.9666666666667,2639.4666666666667,,,,,,,,,,,,,,,,,,,,,,,,,,2951.8571428571427,2443.557142857143,,,8840.763888888889,8272.694444444445,,,,,,10749.144736842105,10287.763157894737,,,7263.451612903225,6871.5161290322585,,,,,,,,,,,,,,,,,,,,,,,,,,,,,,,,,,,,,,,,,,15132.156919191919,14101.142857142857,,,,,,,,,,,,,,,,,,,,,,,,,,,,,,,,66899.25,,,,,,,,,,,,2016.860465116279,1852.0793089430895,,,,1139.4761904761904,963.4880952380952,,,,3124.4666666666667,2530.0333333333333,,3096.25,,,,,,,,,,,,,,,,,2578.818181818182,2218.939393939394,2243.7297297297296,1863.054054054054,,,,,,,,
Cambodia,2020,,,,,,,,,,,,,,,,4285.6918863492065,3633.548006666667,,,,,,,,,3410.0554825242716,2833.8203165048544,,,,,,,,,,,,,,,,,,,,,,,,,,2815.6932183946487,2328.2478451505017,,,7937.64021078067,7167.0837669144985,,,,,,9660.068272093024,8714.13252026578,26264.24521695652,24604.28587,7206.033270300752,6425.00482481203,,,,,,,,,,,,,,,,,,,,,,,,,,,,,,,,,,,,,,,,,,20072.3984945679,18831.212629490616,,,,,,,,,,,,,,,,,,,,,,,,,,,,,,,,68881.91666666667,,,,,,,,,,,,2059.5221772357722,1898.1165782997762,,,,1196.6060606060605,1009.9094653198653,,,,2699.4654541818186,2221.130101090909,,3106.3888888888887,,,,,,,,,,,,,,,,,2774.654188643533,2310.6543993690852,2422.070061111111,1997.3730101851854,,,,,,,,
Cambodia,2021,,,,,,,,,,,,,,,,3779.717495035461,3163.7854609929077,,,,,,,,,2859.0301425531916,2363.3410163120566,,,,,,,,,,,,,,,,,,,,,,,,,,2539.8707739130436,2060.6606282608695,,,7424.556818181818,6646.404040151516,,,,,,9311.599552348993,8443.721477181209,24574.38154214876,22750.9173553719,6675.640547761194,5985.803482089552,,,,,,,,,,,,,,,,,,,,,,,,,,,,,,,,,,,,,,,,,,21921.244845360823,20455.818298969072,,,,,,,,,,,,,,,,,,,,,,,,,,,,,,,,67472.16666666667,,,,,,,,,,,,2170.6699072222223,2013.61968872549,,,,1153.4336283185842,967.5501460176991,,,,2423.7692834710742,1966.4221768595041,,2675.5555555555557,,,,,,,,,,,,,,,,,2506.3626135135137,2031.7595722972974,2112.441379310345,1678.885632413793,,,,,,,,
Central African Republic,2004,,,,,,,,,,,,,,,,,,,,,,,,,,,,,,,,251.422775,,,,,,,,,,,,,,,,,,,,,,,,,,,,,,,,,,,,,,,,,,,,,,,,,,,,,,,,,,,,344.1148083333333,,,,,,,,,,,,,,,,,,,,,,,401.4169083333333,,,,,,,,,,,,,,,,,,,,,,,,,,,,,,,,,,,,,,,,,,,,,517.10415,,,,,,,,,,,,,,,,,,,,,,,,,,,,,,,,,,,454.55241666666666,,
Central African Republic,2005,,,,,,,,,,,,,,,,,,,,,,,,,,,,,,,,309.89508333333333,,,,,,,,,,,,,,,,,,,,,,,,,,,,,,,,,,,,,,,,,,,,,,,,,,,,,,,,,,,,414.27011666666664,,,,,,,,,,,,,,,,,,,,,,,510.99329166666666,,,,,,,,,,,,,,,,,,,,,,,,,,,,,,,,,,,,,,,,,,,,,528.2634833333333,,,,,,,,,,,,,,,,,,,,,,,,,,,,,,,,,,,480.01383333333337,,
Central African Republic,2006,,,,,,,,,,,,,,,,,,,,,,,,,,,,,,,,282.6995083333333,,,,,,,,,,,,,,,,,,,,,,,,,,,,,,,,,,,,,,,,,,,,,,,,,,,,,,,,,,,,240.82569166666667,,,,,,,,,,,,,,,,,,,,,,,461.14748333333335,,,,,,,,,,,,,,,,,,,,,,,,,,,,,,,,,,,,,,,,,,,,,568.9679500000001,,,,,,,,,,,,,,,,,,,,,,,,,,,,,,,,,,,521.890175,,
Central African Republic,2007,,,,,,,,,,,,,,,,,,,,,,,,,,,,,,,,269.1555,,,,,,,,,,,,,,,,,,,,,,,,,,,,,,,,,,,,,,,,,,,,,,,,,,,,,,,,,,,,149.96935,,,,,,,,,,,,,,,,,,,,,,,421.09049166666665,,,,,,,,,,,,,,,,,,,,,,,,,,,,,,,,,,,,,,,,,,,,,534.3605166666666,,,,,,,,,,,,,,,,,,,,,,,,,,,,,,,,,,,516.236175,,
Central African Republic,2008,,,,,,,,,1191.7558416666668,,,,,,,,,,,,,,,,,,,,,,,283.03904374999996,,251.0058333333333,,,,,,2027.9767,,,,,,,,,,,,,,,,,1886.29,,,,,,4785.228358333333,,,,,,,,,2745.00415,,,,,,,570.8941666666666,,,,,,,,,,,,,234.04806666666664,,,2527.6825083333333,1750.7824833333334,,,,,,,,,,,,2636.3908583333337,,,,,,,413.953575,,,,,,,,,,,,,,,,,,,,,,,,,,,,,,,,,,,,,,,,,,,,,417.58106875,,,,,,,,,,,,,,,,,,,,,,,,,,,,,,,,,,,762.6659791666666,,
Central African Republic,2009,,,,,,,,,1452.0983333333334,,,,,,,,,,,,,,,,,,,,,,,272.3187208333333,,217.26916666666668,,,,,,2180.5874916666667,,,,,,,,,,,,,,,,,1913.0483333333332,,,,,,4693.623333333334,,,,,,,,,2852.683325,,,,,,,733.8725,,,,,,,,,,,,,220.32911458333334,,,2665.1433666666667,1920.5666583333332,,,,,,,,,,,,2866.8092083333336,,,,,,,439.35160833333333,,,,,,,,,,,,,,,,,,,,,,,,,,,,,,,,,,,,,,,,,,,,,449.99681250000003,,,,,,,,,,,,,,,,,,,,,,,,,,,,,,,,,,,721.082475,,
Central African Republic,2010,,,,,,,,,2126.5450333333333,,,,,,,,,,,,,,,,,,,,,,,209.9152393939394,,217.52916666666667,,,,,,2205.5358499999998,,,,,,,,,,,,,,,,,2143.4649999999997,,,,,,4712.97,,,,,,,,,3040.28585,,,,,,,790.1308333333333,,,,,,,,,,,,,225.14414242424243,,,2589.6966583333333,2051.9250166666666,,,,,,,,,,,,3207.0199916666666,,,,,,,377.2660166666667,,,,,,,,,,,,,,,,,,,,,,,,,,,,,,,,,,,,,,,,,,,,,496.0735939393939,,,,,,,,,,,,,,,,,,,,,,,,,,,,,,,,,,,596.4662696969698,,
Central African Republic,2011,,,,,,,,,1894.5325,,,,,,,,,,,,,,,,,,,,,,,258.9388833333333,,260.15,,,,,,2117.344183333333,,,,,,,,,,,,,,,,,2462.1058166666667,,,,,,4972.074208333333,,,,,,,,,3035.969983333334,,,,,,,708.7824999999999,,,,,,,,,,,,,231.58964166666667,,,2671.89665,1894.0008333333335,,,,,,,,,,,,3145.5199666666667,,,,,,,361.82678333333337,,,,,,,,,,,,,,,,,,,,,,,,,,,,,,,,,,,,,,,,,,,,,633.0494583333333,,,,,,,,,,,,,,,,,,,,,,,,,,,,,,,,,,,566.294475,,
Central African Republic,2012,,,,,,,,,1848.2408166666667,,,,,,,,,,,,,,,,,,,,,,,256.5434916666666,,256.77833333333336,,,,,,2400.6883166666667,,,,,,,,,,,,,,,,,3032.40085,,,,,,5924.469191666667,,,,,,,,,3279.099941666667,,,,,,,611.5383333333333,,,,,,,,,,,,,272.724425,,,2834.9666666666667,2222.8392,,,,,,,,,,,,3059.4649833333333,,,,,,,353.61555,,,,,,,,,,,,,,,,,,,,,,,,,,,,,,,,,,,,,,,,,,,,,603.2662375,,,,,,,,,,,,,,,,,,,,,,,,,,,,,,,,,,,563.1017666666667,,
Central African Republic,2013,,,,,,,,,1798.925,,,,,,,,,,,,,,,,,,,,,,,253.25,,283.75,,,,,,2050.66915,,,,,,,,,,,,,,,,,3087.1933166666663,,,,,,5690.519225,,,,,,,,,3876.9066166666667,,,,,612.4545454545455,511.5,641.3508333333333,,,,,,,,,,,,,228.41666666666666,,,3448.8441583333333,2369.4999916666666,,,,,,,,,,,,3562.017483333333,,,,,,,338.8833333333333,,,,,,,,,,,,,,,,,,,,,,,,,,,,,,,,,,,,,,,,,,,,,,,,,,,,,,,,,,,,,,,,,,,,,,,,,,,,,,,,594.2208333333333,,
Central African Republic,2014,,,,,,,,,1756.9066583333333,,238.75,,,,,,,,,,,,,,,,,,,,,88.0,,242.40583333333333,,,,,,2343.998341666667,,,,,,,,,,,,,,,,,3864.84835,,,,,,8355.549125,,,,,,,,,5052.8924916666665,1368.0,,,,339.0,535.25,752.7283333333334,,,,,,,,,,,,,259.625625,,,5248.904941666667,3855.7666833333333,,,,,,,,,,,,5199.905825,,,,,,,370.41200000000003,,,,,,,,,,,,,,,,,,,,,,,,,,,,,,,,,,,,,,,,,,,,,185.8,,,,,440.2,,,160.2,,,,513.25,,,,,,,,,,,,,,,,,,,,,,,660.0175,,
Central African Republic,2015,,,,,,,,,2326.80585,,263.3333333333333,,,,,,,,,,,,,,,,,,,,,106.36666666666666,,202.87666666666667,,,,,,2431.7749916666667,,,,,,,,,,,,,,,,,4266.360833333333,,,,,,7887.255066666666,,,,,,,,,4806.11,1434.0,,,,431.9130434782609,663.6333333333333,1022.4108249999999,,,,,,,,,,,,,164.6858536585366,,,5104.064208333333,3788.3333666666663,,,,,,,,,,,,5401.310866666667,,,,,,,313.4575,,,,,,,,,,,,,,,,,,,,,,,,,,,,,,,,,,,,,,,,,,,,,234.1304347826087,,,,,455.7,,,205.2941176470588,,,,735.1071428571429,,,,,,,,,,,,,,,,,,,,,,,708.1916666666666,,
Central African Republic,2016,,,,,,,,,2287.5400083333334,,,,,,,,,,,,,,,,,,,,,,,133.27506363636365,,226.035,,,,,,2633.7642,,,,,,,,,,,,,,,,,5857.349116666667,,,,,,8214.036675000001,,,,,,,,,6307.849116666667,,,,,,,906.6375083333332,,,,,,,,,,,,,221.74616176470587,,,5140.822499999999,2780.0223710526316,,,,,,,,,,,,5810.058349999999,,,,,,,299.947947368421,,,,,,,,,,,,,,,,,,,,,,,,,,,,,,,,,,,,,,,,,,,,,561.5384615384615,,,,,,,,,,,,,,,,,,,,,,,,,,,,,,,,,,,728.9925,,
Central African Republic,2017,,,,,,,,,2730.8458083333335,,399.5604888888889,,,,,,,,,,,,,,,,,,,,,151.12199230769232,,282.81416666666667,,,,,,2419.24665,,,,,,,,,,,,,,,,,6453.394208333334,,,,,,7858.109083333334,,,,,,,,,6827.4092083333335,,,,,,450.78958450704226,915.73,,,,,,,,,,,,,205.93325303030304,,,5878.91255,2371.6666651612904,,,,,,,,,,,,5131.403316666667,,,,,,,334.32047619047614,,,,,,,,,,,,,,,,,,,,,,,,,,,,,,,,,,,,,,,,,,,,,420.76908396946567,,,,,523.843401724138,,,334.04533225806455,,,,,,,,,,,,,,,,,,,,,,,,,,,679.5983333333334,,
Central African Republic,2018,,,,,,,,,2798.53199,,410.6287465240641,,,,,,,,,,,,,,,,,,,,,153.2337666666667,,239.202,,,,,,2437.72898,,,,,,,,,,,,,,,,,5963.186909999999,,,,,,8447.511040000001,,,,,,,,,7143.128119999999,,,,,,538.9180237668161,895.925,,,,,,,,,,,,,188.08594811320754,,,6161.82094,2796.9967531818183,,,,,,,,,,,,4962.84094,,,,,,,497.878,,,,,,,,,,,,,,,,,,,,,,,,,,,,,,,,,,,,,,,,,,,,,454.1227783410138,,,,,582.8548052023121,,,388.1951105263158,,,,,,,,,,,,,,,,,,,,,,,,,,,708.919,,
Central African Republic,2019,,,,,,,,,,,406.91885056179774,,,,,,,,,,,,,,,,,,,,,185.14180060240963,,,,,,,,,,,,,,,,,,,,,,,,,,,,,,,,,,,,,,,,,,,,,,571.1270834375,,,,,,,,,,,,,,222.66644773519164,,,,2591.4156626506024,,,,,,,,,,,,,,,,,,,,,,,,,,,,,,,,,,,,,,,,,,,,,,,,,,,,,,,,,,,,,,,,526.0155279503106,,,,,605.6334733576642,,,378.19433333333336,,,,,,,,,,,,,,,,,,,,,,,,,,,,,
Central African Republic,2020,,,,,,,,,,,346.6831231578947,,,,421.28119108280254,,,,,,,,,,,,,,,,,218.5327972318339,,279.163,,,,,,,,,,,,,,,,,,,,,,,,,,1643.6458333333333,,,,,,,,,,,,,,,,,601.7496145251397,548.1935716981133,,,,,,,,,,,,,,185.83258864468863,,,,2951.893357957958,,,,,,,,,2434.0694458333332,,,,,,,,,,,,,,,,,,,,,,,,,,,,,,,,,,,,,,,,,,,610.909725,,,,,,,,,,,,599.6672698360655,,,475.732597,,551.1097880184332,,,232.20217647058826,,,,1035.309025,,,,,1119.0471257918553,,,,,,,,,,,,,,,,,,597.7916666666666,,
Central African Republic,2021,,,,,,,,,,,,,,,475.30645161290323,,,,,,,,,,,,,,,,,193.15972222222223,,196.0,,,,,,,,,,,,,,,,,,,,,,,,,,,,,,,,,,,,,,,,,,,576.3489932885906,,,,,,,,,,,,,,,181.31007751937983,,,,3140.9395973154365,,,,,,,,,,,,,,,,,,,,,,,,,,,,,,,,,,,,,,,,,,,,,,,,,,,,,,,,,,,,,,,,680.223880597015,,,478.2147651006711,,497.2083333333333,,,220.06896551724137,,,,,,,,,1167.4496644295302,,,,,,,,,,,,,,,,,,,,
Colombia,2000,,,,,,,,,,,,,,,,,,,,,,,,,,,,,,,,,,,,,,,,,,,,,,,,,,,,,,,,,,,,,,,,,,,,,,,,,,,,,,,,,,,,,,,,,,456.84833333333336,486.24708333333336,,,,,,,,,,,,,,,,,,,,,,,,,,,,,,,,,,,,,,,,,,,,,,,,,,,,,,,,,,,,,,,,,,,960.3119444444445,882.7483333333333,,,,,,,,,,,,,,,,,,,931.0770791666667,,,,,,,,,,,,,,,,,,739.1970833333334,
Colombia,2001,,,,,,,,,,,,,,,,,,,,,,,,,,,,,,,,,,,,,,,,,,,,,,,,,,,,,,,,,,,,,,,,,,,,,,,,,,,,,,,,,,,,,,,,,,533.9708333333333,520.9725,,,,,,,,,,,,,,,,,,,,,,,,,,,,,,,,,,,,,,,,,,,,,,,,,,,,,,,,,,,,,,,,,,,1078.2866583333334,981.7837499999999,,,,,,,,,,,,,,,,,,,1150.9004125,,,,,,,,,,,,,,,,,,792.9158333333334,
Colombia,2002,,,,,,,,,,,,,,,,,,,,,,,,,,,,,,,,,,,,,,,,,,,,,,,,,,,,,,,,,,,,,,,,,,,,,,,,,,,,,,,,,,,,,,,,,,517.2391666666666,555.0395833333333,,,,,,,,,,,,,,,,,,,,,,,,,,,,,,,,,,,,,,,,,,,,,,,,,,,,,,,,,,,,,,,,,,,1099.4100027777777,993.0545833333334,,,,,,,,,,,,,,,,,,,1146.306675,,,,,,,,,,,,,,,,,,855.8579208333334,
Colombia,2003,,,,,,,,,,,,,,,,,,,,,,,,,,,,,,,,,,,,,,,,,,,,,,,,,,,,,,,,,,,,,,,,,,,,,,,,,,,,,,,,,,,,,,,,,,603.4591666666666,624.7308333333334,,,,,,,,,,,,,,,,,,,,,,,,,,,,,,,,,,,,,,,,,,,,,,,,,,,,,,,,,,,,,,,,,,,1234.7586000000001,1116.8420791666667,,,,,,,,,,,,,,,,,,,1163.9754166666667,,,,,,,,,,,,,,,,,,1058.6345875,
Colombia,2004,,,,,,,,,,,,,,,,,,,,,,,,,,,,,,,,,,,,,,,,,,,,,,,,,,,,,,,,,,,,,,,,,,,,,,,,,,,,,,,,,,,,,,,,,,535.5991666666667,634.7233333333334,,,,,,,,,,,,,,,,,,,,,,,,,,,,,,,,,,,,,,,,,,,,,,,,,,,,,,,,,,,,,,,,,,,1263.4475055555554,1070.208325,,,,,,,,,,,,,,,,,,,1063.2550041666666,,,,,,,,,,,,,,,,,,1113.2254166666667,
Colombia,2005,,,,,,,,,,,,3519.9929166666666,,,,,,,,,,,,,,,,,,,,,,,,,,,,,2790.2477777777776,,,,,,,,,,,,,,,,,,,,,,,,,,,,,,,,,,,,,,,,,,,,,2197.2727272727275,,,,623.5736111111112,572.8079166666666,,,,,,,,5763.409166666667,,,,,,,,,,,,,,,,,,,,,,,,,,,,,,,,,,,,,1238.3316666666667,,,,,538.9226086956521,,,,,,,,,,,,,,,,,1236.6602777777778,1023.5962458333333,,,,,,,,,,,,,,,679.15625,,,,1134.7929083333333,,,,,,,,,,,,,,,,,,1145.9623333333334,
Colombia,2006,,,,,,,,,,,,3345.653846153846,,,,,,,,,,,,,,,,,,,,,,,,,,,,,2862.931818181818,,,,,,,,,,,,,,,,,,,,,,,,,,,,,,,,,,,,,,,,,,,,,2200.0,,,,669.5833333333334,642.5416666666666,,,,,,,,6044.666666666667,,,,,,,,,,,,,,,,,,,,,,,,,,,,,,,,,,,,,1129.4545454545455,,,,,533.7777777777778,,,,,,,,,,,,,,,,,1334.1666666666667,1124.9166666666667,,,,,,,,,,,,,,1730.25,1015.4166666666666,,,,1504.125,,,,,,,,,,,,,,,,,,1273.1166666666666,
Colombia,2007,,,,,,,,,,,,3645.725,,,,,,,,,,,,,,,,,,,,,,,,,,,,,3005.8541666666665,,,,,,,,,,,,,,,,,,,,,,,,,,,,,,,,,,,,,,,,,,,,,1671.842105263158,,,,808.5294117647059,740.2916666666666,,,,,,,,7204.1,,,,4009.4761904761904,,,,,,,,,,,,,,,,,,,,,,,,,,,,,,,,,1366.409090909091,,,,,275.02777777777777,,,,,,,,,,,,,,,,,1413.111111111111,1271.0833333333333,,,,,,,,,,,,,,1563.3939393939395,1600.0208333333333,,,,1235.2083333333333,,,,,,,,,,,,,,,,,,1520.1666666666667,
Colombia,2008,,,,,,,,,,,,3963.4375,,,,,,,,,,,,,,,,,,,,,,,,,,,,,3234.2083333333335,,,,,,,,,,,,,,,,,,,,,,,,,,,,,,,,,,,,,,,,,,,,,2620.375,,,,818.5151515151515,859.4166666666666,,,,,,,,7528.648648648648,,,,4006.448275862069,,,,,,,,,,,,,,,,,,,,,,,,,,,,,,,,,1837.9166666666667,,,,,613.0277777777778,,,,,,,,,,,,,,,,,2020.25,1878.9166666666667,,,,,,,,,,,,,,1460.138888888889,1302.5833333333333,,,,1289.875,,,,,,,,,,,,,,,,,,2060.8166666666666,
Colombia,2009,,,,,,,,,,,,3887.7708333333335,,,,,,,,,,,,,,,,,,,,,,,,,,,,,3267.0,,,,,,,,,,,,,,,,,,,,,,,,,,,,,,,,,,,,,,,,,,,,,2849.5416666666665,,,,908.525,800.2083333333334,,,,,,,,7800.055555555556,,,,4224.4838709677415,,,,,,,,,,,,,,,,,,,,,,,,,,,,,,,,,2006.1875,,,,,603.0277777777778,,,,,,,,,,,,,,,,,1960.1666666666667,1783.5833333333333,,,,,,,,,,,,,,1603.111111111111,1022.4791666666666,,,,1536.375,,,,,,,,,,,,,,,,,,1929.8333333333333,
Colombia,2010,,,,,,,,,,,,3999.1875,,,,,,,,,,,,,,,,,,,,,,,,,,,,,3095.413043478261,,,,,,,,,,,,,,,,,,,,,,,,,,,,,,,,,,,,,,,,,,,,,2810.8571428571427,,,,913.8222222222222,783.8333333333334,,,,,,,,7408.022222222222,,,,4016.5,,,,,,,,,,,,,,,,,,,,,,,,,,,,,,,,,1875.35,,,,,622.5833333333334,,,,,,,,,,,,,,,,,1868.8055555555557,1740.75,,,,,,,,,,,,,,2014.0,1247.5833333333333,,,,1936.875,,,,,,,,,,,,,,,,,,1710.55,
Colombia,2011,,,,,,,,,,,,4462.166666666667,,,,,,,,,,,,,,,,,,,,,,,,,,,,,3923.6111111111113,,,,,,,,,,,,,,,,,,,,,,,,,,,,,,,,,,,,,,,,,,,,,2475.133333333333,,,,1048.9166666666667,977.554347826087,,,,,,,,7531.895833333333,,,,4330.257142857143,,,,,,,,,,,,,,,,,,,,,,,,,,,,,,,,,1702.121212121212,,,,,643.3333333333334,,,,,,,,,,,,,,,,,2114.6762857142858,1960.9270833333333,,,,,,,,,,,,,,2157.71875,1632.3809523809523,,,,1935.9583333333333,,,,,,,,,,,,,,,,,,1860.0666666666666,
Colombia,2012,,,,,,,,,,,,5304.6,,,,,,,,,,,,,,,,,,,,,,,,,,,,,3553.75,,,,,,,,,,,,,,,,,,,,,,,,,,,,,,,,,,,,,,,,,,,,,2209.5333333333333,,,,1432.1818181818182,844.0505882352942,,,,,,,,,,,,5135.444444444444,,,,,,,,,,,,,,,,,,,,,,1059.888888888889,,,,,,,,,,,1500.0,,1128.7777777777778,,,523.0466666666667,,825.8333333333334,,,,,,,,,,,,,,,2423.5570791666664,2210.0978642857144,,,,,,,,,,,,,,2095.0,1219.3684210526317,,,,1529.2882352941178,,2049.84375,,,,,1472.25,,,,,,,,,,,1536.7825181818182,
Colombia,2013,3028.5833333333335,,,1029.4,,,,,,,,4710.736842105263,1445.2,,,,,,,,,,,,,,,,554.6348399999999,,871.1538461538462,,891.5,,,1534.84,,,8520.75,,3408.25,,,,,,,,,,959.4615384615385,,,,,,,,17768.3,,,,,,,,,,,,,,,,,3191.4210526315787,,,,,,,,,,1940.9444444444443,,,,948.7153846153846,943.0833333333334,,1882.5,,,,11483.478260869566,,,,,,4490.833333333333,,,,,,,7300.0,,,,,,,,,,,,1282.36,,,930.3333333333334,,689.0,,,,,,4162.2,,,2255.8518518518517,,1121.1851851851852,,,,,928.2692307692307,,,,,,,,,,,,,,,2134.4283312499997,1871.48125,,,,,610.4545454545455,,,,,,,,,,750.0,,,,1442.1680555555556,,1655.3157894736842,,,,,1298.6,,,,,,,,,,,1348.956111111111,
Colombia,2014,3217.4401909090907,,,1061.3243243243244,,,,,,,,3908.75,1788.6944444444443,,,,,,,,,,,,,,,,680.1666666666666,,951.7222222222222,,1023.0416666666666,,,1733.75,,,9032.59090909091,,3000.0,,,,,,,,,,1015.6724137931035,,,,,,,,16848.666666666668,,,,,,,,,,,,,,,,,3074.5370375,,,,,,,,,,2034.0,,,,1439.1666666666667,956.1388888888889,,1881.0,,,,11146.055555555555,,,,,,4934.25,,,,,,,10550.0,,,,,,,,,,,,1953.111111111111,,,1356.138888888889,,835.1666666666666,,,,,,4349.333333333333,,,2192.3611111111113,,1199.5215055555554,,,,,1142.861111111111,,,,,,,,,,,,,,,2128.38541875,1876.75,,,,,600.0,,,,,,,,,,,,,,1482.8575,,1696.0833333333333,,,,,1547.6444444444444,,,,,,,,,,,1297.1180555555557,
Colombia,2015,3088.0,,,945.9142857142857,,,,,,,,6867.045454545455,2400.08,1843.4285714285713,,,,,2282.8571428571427,,,,1922.6666666666667,,,,,,1309.3333333333333,,1155.6,,1456.5882352941176,,,1883.0,,,7126.75,,3000.0,,,,,,,,,,1487.5,,,,,,,,16000.0,,,,,,,,,,,,,,,,,3156.5,,,,1471.4285714285713,,,,,,3088.391304347826,,,,1512.5208333333333,1057.4305555555557,,1915.75,2743.3333333333335,,,13070.0,,,,,,5388.5,,,,,,,13658.333333333334,,,,,,,,,,,,2898.0857142857144,,,1545.6,,1030.3333333333333,,,1477.7142857142858,,,4160.0,,,2095.7916666666665,,1352.6666666666667,,,,,1085.64,,,,964.3809523809524,,,,,,,,,,,2835.2979145833337,2598.6512541666666,,,,,600.0,,,,,,,1412.2857142857142,,,731.7142857142857,,,,1913.2138916666668,,2150.8695652173915,,1281.0714285714287,,,1766.36,,,,,,,,,,,1505.2777777777778,
Colombia,2016,,,,990.5555555555555,,,,,,,,6480.833333333333,2633.3333333333335,1675.9722222222222,,,,,2522.277777777778,,,,2074.0555555555557,,,,,,,,1155.5555555555557,,1260.7777777777778,,,,,,8083.333333333333,,,,,,,,,,,,,,,,,,,,,,,,,,,,,,,,,,,,,,,,,1891.6666666666667,,,,,,5410.833333333333,,,,1556.6029166666667,1150.5041666666666,,2000.0,2657.277777777778,,,16625.0,,,,,,5846.25,,,,,,,15358.333333333334,,,,,,,,,,,,2077.777777777778,,,1759.1666666666667,,1174.7916666666667,,,1640.0,,,,,,2449.1666666666665,,1824.4166666666667,,,,,1214.1666666666667,,,,666.9444444444445,,,,,,,,,,,2903.7277062499998,2640.7416708333335,,,,,,,,,,,,2052.777777777778,,,1202.0833333333333,,,,2485.4027805555556,,2749.4166666666665,,1694.1666666666667,,,1647.5,,,,,,,,,,,1486.4361111111111,
Colombia,2017,,,,1027.7777777777778,,,,,,,,5066.666666666667,2058.3333333333335,1544.4166666666667,,,,,2219.0555555555557,,,,2581.9444444444443,,,,,,,,1615.2777777777778,,1022.6944444444445,,,,,,8000.0,,,,,,,,,,,,,,,,,,,,,,,,,,,,,,,,,,,,,,,,,1758.3333333333333,,,,,,4233.333333333333,,,,1456.2791666666665,1002.5999999999999,,1933.3333333333333,3272.1944444444443,,,16008.333333333334,,,,,,6477.5,,,,,,,14491.666666666666,,,,,,,,,,,,2766.722222222222,,,1990.0,,1005.8333333333334,,,1750.0,,,,,,2095.8333333333335,,1221.5416666666667,,,,,812.5,,,,795.8333333333334,,,,,,,,,,,2424.4791645833334,2141.3395708333333,,,,,,,,,,,,2078.0833333333335,,,1583.3333333333333,,,,2125.6861166666667,,2655.8333333333335,,1687.5,,,1761.0,,,,,,,,,,,1475.2805555555556,
Colombia,2018,,,,1027.2727272727273,,,,,,,,5470.0,2390.909090909091,1873.2424242424242,,,,,2260.787878787879,,,,2583.3030303030305,,,,,,,,1301.5151515151515,,1285.2727272727273,,,,,,7909.090909090909,,,,,,,,,,,,,,,,,,,,,,,,,,,,,,,,,,,,,,,,,1518.1818181818182,,,,,,3086.3636363636365,,,,1447.8521739130433,1013.462857142857,,1960.0,2531.3939393939395,,,16384.18181818182,,,,,,7214.090909090909,,,,,,,14400.0,,,,,,,,,,,,2012.030303030303,,,1122.4242424242425,,1031.8181818181818,,,1759.090909090909,,,,,,2062.7272727272725,,1679.1363636363637,,,,,1007.2727272727273,,,,700.0,,,,,,,,,,,2271.216675,2028.6166624999998,,,,,,,,,,,,2239.060606060606,,,999.9090909090909,,,,1765.6652777777776,,2411.818181818182,,1838.1818181818182,,,1774.3181818181818,,,,,,,,,,,1485.9557142857143,
Colombia,2019,,,,1148.0555555555557,,,,,,,,5404.166666666667,3020.8333333333335,1766.1944444444443,,,,,2500.777777777778,,,,3013.472222222222,,,,,,,,1209.7222222222222,,1767.7777777777778,,,,,,8833.333333333334,,,,,,,,,,,,,,,,,,,,,,,,,,,,,,,,,,,,,,,,,1550.0,,,,,,2674.1666666666665,,,,1706.3062499999999,1262.5069444444443,,2016.6666666666667,3048.222222222222,,,18908.333333333332,,,,,,7856.666666666667,,,,,,,14400.0,,,,,,,,,,,,2052.1111111111113,,,1516.6666666666667,,1163.3333333333333,,,2036.7916666666667,,,,,,2492.5,,1943.9583333333333,,,,,1099.1666666666667,,,,755.5555555555555,,,,,,,,,,,2518.9687541666667,2307.5208291666668,,,,,,,,,,,,2077.777777777778,,,954.1666666666666,,,,2094.994447222222,,2727.5,,1760.8333333333333,,,1712.125,,,,,,,,,,,1643.1458333333333,
Colombia,2020,,,,1392.453448275862,2663.957142857143,,5748.36,6346.21224489796,,2520.3396551724136,,5201.470511538461,3920.0,2394.235,,,,1934.2787458715595,2489.3529411764707,,,,3406.823529411765,,,,,,,,1222.3547945205478,,1476.7857142857142,,965.7523809523809,,,12159.31761904762,10572.280113636363,,,,,,,,,,16659.371428571427,,,,,,,,,15982.576040625,,,11612.360169491525,10781.016153846154,,,,,,,,9905.510119642857,25404.958267716538,,,,,5658.935714285714,,,,1537.424074074074,,1797.3387096774193,,,,3611.20956284153,,,853.2424812030075,1548.6397435897436,1466.1939024390242,,2975.280891719745,2126.1111111111113,,,17289.261206896554,,,,,,8146.30129032258,,,,6264.070535714286,,,15239.569105691056,,,,24892.983067200003,,,8909.010204081633,,,,1501.3396825396824,2039.275394736842,,,1543.8587786259543,,1330.0,,955.2229166666666,1735.8333333333333,2166.2686440677967,,5171.466564417178,,3275.592857142857,2440.0,2315.726571428572,1337.261875,755.45965,,,,967.3392156862745,,,,801.6154605263158,,,,2844.148447204969,,,,,,,3412.8416666666667,3107.845825,,,1072.2026785714286,,,,,,,,,3056.0639423076927,,3221.485164835165,1240.0,,,,2274.2333444444444,,2588.3395,,2022.0,1795.7160714285715,,1771.400821830986,,,,,,7563.327966101694,,7801.062345679013,,,2245.967765384615,1788.79375
Colombia,2021,,,,1418.6990052980134,2686.3854125,,5527.78645625,5852.9190890909085,,3075.187412244898,,5160.419438888889,,2344.6762177083333,,,,1487.5033572580646,,,,,,,,,,,,,1342.509102631579,,,,1016.5222208333333,,,12763.25240338983,11110.134027083333,,,,,,,,,,16834.12427,,,,,,,,,17853.873505128206,,,12721.718658208954,10916.79016111111,,,,,,,,10541.164553968254,25083.21725104895,,,,,5290.526852777777,,,,1650.7241379310344,,1986.1221035460992,,,,3896.460521717172,,,1038.577150331126,1706.833734939759,1753.570512820513,,3061.90324,,,,19032.824735714286,,,,,,10274.593113772455,,,,7414.2273453125,,,17006.967656296296,,,,25631.681467832168,,,9985.700296428573,,,,1628.1673597222223,1728.9525458333333,,,1460.1667860294117,,,,1135.2242390909091,,2479.06183129771,,5229.558285310734,,5459.918628571429,,2416.6020000000003,1194.9636247058825,1122.6385068965517,,,,1876.8513874999999,,,,1023.9610388535032,,,,2653.597464673913,,,,,,,,,,,1133.1981680628273,,,,,,,,,3531.067454716981,,3616.99394040404,,,,,,,2786.8888895833334,,,2321.897817801047,,1990.5036653333332,,,,,,8176.627984328359,,8432.376040625,,,2340.1015936170215,1245.08540625
Indonesia,2007,,,,,,,,,,,,,,,,,,,,,,,,,,,,,,,,,,,,,,,,,,,13526.3433,,,19612.922441666666,,,,,,,,,,9229.280233333333,,,,,,,,,,,,,,,,,,,,,,,,,,,,,,,,,,,,,,,,49966.92621666667,,,,,,,,22987.733241666665,,,,,,,,,,,,,,,,,,,,,,,,,,,,,,,,,,,,,,,,,,,,,,,,,,,,,,,,6065.581266666667,,,,,,,,,,,,,,,,,,,6568.395841666667,,,,,,,,,,,,,,,,4782.104933333333,,
Indonesia,2008,,,,,,,,,,,,,,,,,,,,,,,,,,,,,,,,,,,,,,,,,,,19234.833333333332,,,21912.083333333332,,,,,,,,,,12504.0,,,,,,,,,,,,,,,,,,,,,,,,,,,,,,,,,,,,,,,,55832.083333333336,,,,,,,,28948.666666666668,,,,,,,,,,,,,,,,,,,,,,,,,,,,,,,,,,,,,,,,,,,,,,,,,,,,,,,,6368.5,,,,,,,,,,,,,,,,,,,6536.833333333333,,,,,,,,,,,,,,,,7089.75,,
Indonesia,2009,,,,,,,,,,,,,,,,,,,,,,,,,,,,,,,,,,,,,,,,,,,18681.313599999998,,,21598.424291666666,,,,,,,,,,12760.856975,,,,,,,,,,,,,,,,,,,,,,,,,,,,,,,,,,,,,,,,60954.4573,,,,,,,,30499.22945833333,,,,,,,,,,,,,,,,,,,,,,,,,,,,,,,,,,,,,,,,,,,,,,,,,,,,,,,,6691.2295,,,,,,,,,,,,,,,,,,,8573.354033333333,,,,,,,,,,,,,,,,7379.287033333334,,
Indonesia,2010,,,,,,,,,,,,,,,,,,,,,,,,,,,,,,,,,,,,,,,,,,,26781.5,,,28945.916666666668,,,,,,,,,,13242.166666666666,,,,,,,,,,,,,,,,,,,,,,,,,,,,,,,,,,,,,,,,62894.25,,,,,,,,27813.333333333332,,,,,,,,,,,,,,,,,,,,,,,,,,,,,,,,,,,,,,,,,,,,,,,,,,,,,,,,8016.357816666667,,,,,,,,,,,,,,,,,,,10856.333333333334,,,,,,,,,,,,,,,,7216.25,,
Indonesia,2011,,,,,,,,,,,,,,,,,,,,,,,,,,,,,,,,,,,,,,,,,,,27693.166666666668,,,20308.25,,,,,,,,,,14697.5,,,,,,,,,,,,,,,,,,,,,,,,,,,,,,,,,,,,,,,,65904.41666666667,,,,,,,,28639.416666666668,,,,,,,,,,,,,,,,,,,,,,,,,,,,,,,,,,,,,,,,,,,,,,,,,,,,,,,,9297.75,,,,,,,,,,,,,,,,,,,10816.25,,,,,,,,,,,,,,,,7235.5,,
Indonesia,2012,,,,,,,,,,,,,,,,,,,,,,,,,,,,,,,,,,,,,,,,,,,21549.25,,,21365.75,,,,,,,,,,15773.083333333334,,,,,,,,,,,,,,,,,,,,,,,,,,,,,,,,,,,,,,,,72708.66666666667,,,,,,,,30198.666666666668,,,,,,,,,,,,,,,,,,,,,,,,,,,,,,,,,,,,,,,,,,,,,,,,,,,,,,,,10425.833333333334,,,,,,,,,,,,,,,,,,,11961.416666666666,,,,,,,,,,,,,,,,7372.25,,
Indonesia,2013,,,,,,,,,,,,,,,,,,,,,,,,,,,,,,,,,,,,,,,,,,,32510.5,,,31214.083333333332,,,,,,,,,,17347.0,,,,,,,,,,,,,,,,,,,,,,,,,,,,,,,,,,,,,,,,86962.75,,,,,,,,33458.083333333336,,,,,,,,,,,,,,,,,,,,,,,,,,,,,,,,,,,,,,,,,,,,,,,,,,,,,,,,10854.166666666666,,,,,,,,,,,,,,,,,,,12541.0,,,,,,,,,,,,,,,,7441.75,,
Indonesia,2014,,,,,,,,,,,,,,,,,,,,,,,,,,,,,,,,,,,,,,,,,,,35790.583333333336,,,30462.75,,,,,,,,,,17769.083333333332,,,,,,,,,,,,,,,,,,,,,,,,,,,,,,,,,,,,,,,,93043.83333333333,,,,,,,,34632.583333333336,,,,,,,,,,,,,,,,,,,,,,,,,,,,,,,,,,,,,,,,,,,,,,,,,,,,,,,,11461.25,,,,,,,,,,,,,,,,,,,11782.583333333334,,,,,,,,,,,,,,,,7780.833333333333,,
Indonesia,2015,,,,,,,,,,,,,,,,,,,,,,,,,,,,,,,,,,,,,,,,,,,35986.25,,,30305.75,,,,,,,,,,19648.416666666668,,,,,,,,,,,,,,,,,,,,,,,,,,,,,,,,,,,,,,,,98460.0,,,,,,,,36866.416666666664,,,,,,,,,,,,,,,,,,,,,,,,,,,,,,,,,,,,,,,,,,,,,,,,,,,,,,,,12764.583333333334,,,,,,,,,,,,,,,,,,,12595.75,,,,,,,,,,,,,,,,7895.916666666667,,
Indonesia,2016,,,,,,,,,,,,,,,,,,,,,,,,,,,,,,,,,,,,,,,,,,,35857.18074416961,32562.65018392157,40055.21070085106,39507.24216525573,39213.41053376866,38737.45762704402,,,,,,,21429.302865405403,21407.260160670194,,,,,,,,,,,,,,,,,,35383.754202162156,35385.042372972974,,,,,,,,,,,,,,,,,,,,,114700.4829174812,,118718.59737942308,,109876.50362065218,,31852.179969675093,,31994.245229858654,,,,,,,,,,,,,,13313.861939279279,11927.243157438796,13921.506485045045,,,39063.47200648648,39063.47200648648,,,,,,,,,,,,,,,,,,,,,,,,,,12125.629995933457,,,9584.712631643002,,11019.019175317604,,,,,10997.523328042327,,,,,,,,,,,,,,,15157.486874228674,17348.58700596154,,,16159.000200176368,,,,,,,,,,,,,,,,8016.25,,
Indonesia,2017,,,,,,,,,,,,,,,,,,,,,,,,,,,,,,,,,,,,,,,,,,,71885.00421271677,53236.80723178808,98720.10862428571,35843.45011098266,38027.1936516129,34024.494860839164,,,,,,,20266.96302839506,20284.248616184974,,,,,,,,,,,,,,,,,,37487.37590123457,37487.37590123457,,,,,,,,,,,,,,,,,,,,,113403.77160314466,,117735.60945743244,,109115.76595681818,,30197.651448750003,,30752.451647953218,,,,,,,,,,,,,,13854.86253765432,12495.142482894737,14428.192785185183,,,36698.064350617286,36698.064350617286,,,,,,,,,,,,,,,,,,,,,,,,,,12148.9046175,,,9625.386118181817,,10983.682288050315,,,,,11091.243264161849,,,,,,,,,,,,,,,13585.77743765432,16657.355913333333,,,14914.168651445088,,,,,,,,,,,,,,,,8068.727272727273,,
Indonesia,2018,,,,,,,,,,,,,,,,,,,,,,,,,,,,,,,,,,,,,,,,,,,44328.083333333336,,,41590.416666666664,,,,,,,,,,22630.833333333332,,,,,,,,,,,,,,,,,,,,,,,,,,,,,,,,,,,,,,,,107236.58333333333,,,,,,,,43710.166666666664,,,,,,,,,,,,,,,,,,,,,,,,,,,,,,,,,,,,,,,,,,,,,,,,,,,,,,,,14079.5,,,,,,,,,,,,,,,,,,,12392.583333333334,,,,,,,,,,,,,,,,8260.416666666666,,
Indonesia,2019,,,,,,,,,,,,,,,,,,,,,,,,,,,,,,,,,,,,,,,,,,,51546.75,,,48272.666666666664,,,,,,,,,,22907.333333333332,,,,,,,,,,,,,,,,,,,,,,,,,,,,,,,,,,,,,,,,108382.83333333333,,,,,,,,43241.75,,,,,,,,,,,,,,,,,,,,,,,,,,,,,,,,,,,,,,,,,,,,,,,,,,,,,,,,14048.5,,,,,,,,,,,,,,,,,,,12417.75,,,,,,,,,,,,,,,,8392.75,,
Indonesia,2020,,,,,,,,,,,,,,,,,,,,,,,,,,,,,,,,,,,,,,,,,,,34928.7307503213,30686.20427024259,39978.633849797574,35016.78907889273,33754.976649329896,36735.314830755175,,,,,,,24654.018122178215,24653.25006979733,,,,,,,,,,,,,,,,,,32232.185014653463,32231.790857178217,,,,,,,,,,,,,,,,,,,,,117415.57533964593,,121730.24169330092,,112334.51894347306,,32282.543758140702,,32277.60742368289,,,,,,,,,,,,,,13490.58235970297,12208.968135136582,14031.923288712871,,,38317.716679059406,38316.75411678218,,,,,,,,,,,,,,,,,,,,,,,,,,12685.9671104,,,10407.317847201808,,11555.983629296483,,,,,11588.128145328721,,,,,,,,,,,,,,,14924.733694345237,16276.536777887983,,,15463.844549232294,,,,,,,,,,,,,,,,8487.333333333334,,
Iraq,2012,,,,,,,,,,,,,,,,,,,,,,,,,,,,,,,,,,,,,,,,,,,,,,,,,,,,,,,,,,,,,,,,,,,,,,,,,,,,,,,,,,,,,,,,,,,,,,,,,,,,,,,,,,,,,,,,,,,,,,,,,,,,,,,,,,,,,,,,,,,,,,,,,,,,,,,,,,,,,,,,1657.3674165644172,,,,,,,,,,,,,,,,,,,1366.132075471698,,,,,,,,,,,,,,,,481.48364049079754,,
Iraq,2013,,,,,,,,,,,,,,,,,,,,,,,,,,,,,,,,,,,,,,,,,,,,,,,,,,,,,,,,,,,,,,,,,,,,,,,,,,,,,,,,,,,,,,,,,,,,,,,,,,,,,,,,,,,,,,,,,,,,,,,,,,,,,,,,,,,,,,,,,,,,,,,,,,,,,,,,,,,,,,,,1773.5898876404494,,,,,,,,,,,,,,,,,,,1380.3595505617977,,,,,,,,,,,,,,,,471.94943820224717,,
Iraq,2014,,,,,,,,,,,,,,,,,,,,,,,,,,,,,,,,,,,,,,,,,,,,,,,,,,,,,,,,,,,,,,,,,,,,,,,,,,,,,,,,,,,,,,,,,,,,,,,,,,,,,,,,,,,,,,,,,,,,,,,,,,,,,,,,,,,,,,,,,,,,,,,,,,,,,,,,,,,,,,,,1878.1391304347826,,,,,,,,,,,,,,,,,,,1326.2695652173913,,,,,,,,,,,,,,,,506.7130434782609,,
Iraq,2015,,,,,,,,,,,,,,,,,,,,,,,,,,,,,,,,,,,,,,,,,,,,,,,,,,,,,,,,,,,,,,,,,,,,,,,,,,,,,,,,,,,,,,,,,,,,,,,,,,,,,,,,,,,,,,,,,,,,,,,,,,,,,,,,,,,,,,,,,,,,,,,,,,,,,,,,,,,,,,,,1928.8431372549019,,,,,,,,,,,,,,,,,,,1078.1078431372548,,,,,,,,,,,,,,,,906.343137254902,,
Iraq,2016,,,,,,,,,,,,,,,,,,,,,,,,,,,,,,,,,,,,,,,,,,,,,,,,,,,,,,,,,,,,,,,,,,,,,,,,,,,,,,,,,,,,,,,,,,,,,,,,,,,,,,,,,,,,,,,,,,,,,,,,,,,,,,,,,,,,,,,,,,,,,,,,,,,,,,,,,,,,,,,,1980.6899441340781,,,,,,,,,,,,,,,,,,,1164.31843575419,,,,,,,,,,,,,,,,1010.3826815642458,,
Iraq,2017,,,,,,,,,,,,,,,2308.3274159763314,,,,,,,,,,,,,,,,,,,,,,5982.371794674556,,,,,,,,,,,,,,,2308.157464417178,,,,,,,,,,,,,,,,,,,,5084.689349704142,,,,,,,,,,,,,,,,2042.7470408284023,,,,,,,,13036.143984615384,,,,,,3893.796843786982,,,,,,,,,,,6556.750493491124,,,,,,,,,,,,,,,,,,,,,,,,,,,,,821.9344183431953,,,,,,,,,,,,,,,,,,1689.6311639053254,612.7810650887574,,,,,,,,,,,,,,,,,,1101.9260355029585,,5706.139053254438,,,848.7460556213018,,,,,,,,,,,991.0009863905326,,
Iraq,2018,,,,,,,,,,,,,,,2049.350824074074,,,,,100.0,,,,,,,,,,,,,,,,,5545.141974691358,,,,,,,,,,,,,,,1894.1807357142857,,,,,,,,,,,,,,,,,,,,3996.636832716049,,,,,,,,,,,,,,,,1740.6702018181818,,,,,,,,12533.58585818182,,,,,,3657.159465432099,,,,,,,,,,,5148.088477160494,,,,,,,,,,,,,,,,,,,,,,,,,,,,,791.5349790123456,,,,,,,,,,,,,,,,,,1709.3191921212122,789.8612838509317,,,,,,,,,,,,,,,,,,1089.89596,,5821.122427777778,,,891.4994858024692,,,,,,,,,,,1000.6777775757575,,
Iraq,2019,,,,,,,,,,,,,,,2063.7840666666666,,,,,,,,,,,,,,,,,,,,,,4916.7714880503145,,,,,,,,,,,,,,,1800.3472217948718,,,,,,,,,,,,,,,,,,,,4374.318657861635,,,,,,,,,,,,,,,,1533.0267295597484,,,,,,,,11984.276729559748,,,,,,3318.9989515723273,,,,,,,,,,,5290.120544654088,,,,,,,,,,,,,,,,,,,,,,,,,,,,,862.9297691823899,,,,,,,,,,,,,,,,,,1693.946540880503,853.7458075471699,,,,,,,,,,,,,,,,,,983.2285113207547,,6230.149371069182,,,951.2877358490566,,,,,,,,,,,779.9842767295597,,
Iraq,2020,,,,,,,,,,,,,,,2304.3569179245283,,,,,,,,,,1309.5314822222222,,,,,,,,,,,,5494.162735849057,,,,,2278.490741111111,,,,,,,,,,1884.453616509434,,,,,,,,,,,,,,,,,,,,4368.091588207547,,,,,,,,,2218.649073888889,,,,,,,1593.0837259433963,,,,,,,,11990.919810849058,,,,,,3356.4154084905663,,,,,,,13737.407407777777,,,,5739.9862419811325,,,,,,,,,,,,,761.0192599999999,,,,,,,,,,,,,,,,718.8091193396227,,,,,,,,,,,,,,,,,,1642.555425,800.2551099056603,,,,,,,,,,,,,,,,,,974.017295754717,,6318.180031132076,,,734.3498816037736,,,,,,,,,,,853.0780264150943,,
Iraq,2021,,,,,,,,,,,,,,,2521.2301587301586,,,,,,,,,,1422.2718253968253,,,,,,,,,,,,5587.599206349207,,,,,2454.722222222222,,,,,,,,,,1850.0992063492063,,,,,,,,,,,,,,,,,,,,4444.246031746032,,,,,,,,,2423.5714285714284,,,,,,,1759.7619047619048,,,,,,,,12052.297619047618,,,,,,3964.3650793650795,,,,,,,13579.563492063493,,,,6369.285714285715,,,,,,,,,,,,,586.7063492063492,,,,,,,,,,,,,,,,636.3988095238095,,,,,,,,,,,,,,,,,,1764.563492063492,817.5753968253969,,,,,,,,,,,,,,,,,,1070.2777777777778,,6734.1765873015875,,,680.7698412698413,,,,,,,,,,,951.2936507936508,,
Lebanon,2012,,,,,,,,,,,,,,,2901.578393939394,,,,,,1716.0582272727272,,,1674.1253424242423,,,,,,,,,,,,,,,,,,,,,,,,,,,,,,,,,,,,,,,,,,,,,,,,,,,,,,,,,,,,,,,,,,,,,,,,,,,,,,,,,,,,,,,,,,,,,,,,,,,,,,,,,,,,268.8066090909091,,,,,,,,,,,,,,,,,,,,1814.5789151515153,,,,,,,,,,,,,,,,,,,,,,,,,1533.0460636363637,,,,,,,,,,,,,,,,,,,,
Lebanon,2013,,,,,,,,,,,,,,,3692.952789349112,,,,,,1715.7786547619048,,,1781.9112579881657,,,,836.0014027027026,,,,,,,,,,,,,,,,,,,,,,,,,,,,,,,,,,,,,,,,,,,,,,,,,,,,,,,,2423.2667653061226,,,,,,,,,,,,,,,,,,,,,,,,,,,,,,,,,,,,,,,,,,,,,,,,1863.6885224852072,,,,,,,,,,,,,,,,,,,,1887.7939343195264,,,,,,,,,,,560.7801875,,,,,,,,,,,,,,1498.3234609467456,,,,,,,,,,,,,,,,,,,,
Lebanon,2014,,,,,,,,,,,,,,,4751.106777927927,,,,,,1618.3536736607143,,,1789.3096848214286,,,,903.5267489130435,,,,,,,,,,,,,,,,,,,,,,,,,,,,,,,,,,,,,,,,,,,,,,,,,,,,,,,,2438.2270295964126,,,,,,,,,,,,,,,,,,,,,,,,,,,,,,,,,,,,,,,,,,,,,,,,2453.015544642857,,,,,,,,,,,,,,,,,,,,2032.2759933035716,,,,,,,,,,,536.7371290178571,,,,,,,,,,,,,,1297.4200870535715,,,,,,,,,,,,,,,,,,,,
Lebanon,2015,,,,,,,,,,,,,,,3965.290847511312,,,,,,1523.9933264705883,,,1754.480074774775,,,,828.9029165714286,,,,,,,,,,,,,,2828.9815592760183,,,,,,,,1418.6768405555556,,,,,,,,,,,,,,,,,,,,,,,,,,,,,,,,,,2774.0387527027024,,,,,,,,,,,,,,,,,,,,,,5419.89996313364,,,,,,,,,,,,,,,,,,,,,,,,,,2270.258863063063,,,,,,,,,,,,,,,,,,,,1867.0738977477477,,,,,,,,,,,548.3551175675676,,,,,,,1563.3597759615384,,,,,,,1001.48589009009,,,,,,,,,,,,,,,,,,1273.1417371040725,,
Lebanon,2016,,,,,,,,,,,,,,,3278.9248686868686,,,,,,1507.65373,,,1695.6266915,,,,842.4208062068966,,,,,,,,,,,,,,3108.8670736040613,,,,,,,,1453.878662585034,,,,,,,,,,,,,,,,,,,,,,,,,,,,,,,,,,2951.1101155,,,,,,,,,,,,,,,,,,,,,,5047.1693572916665,,,,,,,,,,,,,,,,,,,,,,,,,,2252.9302723618093,,,,,,,,,,,,,,,,,,,,1754.5790527638192,,,,,,,,,,,566.730189,,,,,,,1505.5357153061225,,,,,,,1091.7598090452261,,,,,,,,,,,,,,,,,,1226.1422201058201,,
Lebanon,2017,,,,,,,,,,,,,,,3271.3867595818815,,,,,,1470.5217391304348,,,1674.0237288135593,,,,851.5841584158416,,,,,,,,,,,,,,3779.3726235741447,,,,,,,,1453.9516129032259,,,,,,,,,,,,,,,,,,,,,,,,,,,,,,,,,,2933.696,3245.633962264151,,3001.400722021661,,,,,,,,,,,,,,,,,,,5492.946153846154,,,,,,,,,,,,,,,,,,,,,,,,,,1439.8304498269897,,,,,,,,,,,,,,,,,,,,1915.5069444444443,,,,,,,,,,,741.3811320754717,,,,,,,,,,,,,,1358.2293906810037,,,,,,,,,,,,,,,,,,1528.7272727272727,,
Lebanon,2018,,,,,,,,,,,,,,,3119.567474048443,,,,,,1468.1496350364964,,,1609.0033898305085,,,,770.7283950617284,,,,,,,,,,,,,,3756.3805970149256,,,,,,,,1323.5081967213114,,,,,,,,,,,,,,,,,,,,,,,,,,,,,,,,,,2705.3715596330276,2870.154109589041,,2648.574912891986,,,,,,,,,,,,,,,,,,,5534.32967032967,,,,,,,,,,,,,,,,,,,,,,,,,,1528.5308219178082,,,,,,,,,,,,,,,,,,,,1913.2260273972602,,,,,,,,,,,669.6472727272727,,,,,,,,,,,,,,1210.3216783216783,,,,,,,,,,,,,,,,,,1487.0341296928327,,
Lebanon,2019,,,,,,,,,,,,,,,3406.742160278746,,,,,,1476.7262773722628,,,1615.3355481727574,,,,769.0441176470588,,,,,,,,,,,,,,3096.614503816794,,,,,,,,1299.4903846153845,,,,,,,,,,,,,,,,,,,,,,,,,,,,,,,,,,,2472.08843537415,,2355.148275862069,,,,,,,,,,,,,,,,,,,5699.762886597938,,,,,,,,,,,,,,,,,,,,,,,,,,1212.8072727272727,,,,,,,,,,,,,,,,,,,,1927.613559322034,,,,,,,,,,,656.9285714285714,,,,,,,,,,,,,,1206.1103448275862,,,,,,,,,,,,,,,,,,1492.579661016949,,
Lebanon,2020,,,,,,,,,,,,,,,7157.693950177936,,,,,,1730.5587044534414,,,4324.8243727598565,,,,1290.5483870967741,,,,,,,,,,,,,,5048.178707224334,,,,,,,,1688.3932584269662,,,,,,,,,,,,,,,,,,,,,,,,,,,,,,,,,,,4985.067164179104,,5045.575091575091,,,,,,,,,,,,,,,,,,,7811.95652173913,,,,,,,,,,,,,,,,,,,,,,,,,,2647.192727272727,,,,,,,,,,,,,,,,,,,,3733.505415162455,,,,,,,,,,,1325.1146953405018,,,,,,,,,,,,,,2812.846153846154,,,,,,,,,,,,,,,,,,2285.7122302158273,,
Lebanon,2021,,,,,,,,,,,,,,,13004.448841379311,,,,,,2508.0411546296295,,,8550.68568803419,,,,1496.9002520000001,,,,,,,,,,,,,,9415.261175700934,,,,,,,,4198.277655,,,,,,,,,,,,,,,,,,,,,,,,,,,,,,,,,,,9312.635574166667,,10085.585950877192,,,,,,,,,,,,,,,,,,,26620.390443243243,,,,,,,,,,,,,,,,,,,,,,,,,,11140.220733884296,,,,,,,,,,,,,,,,,,,,6362.482774782609,,,,,,,,,,,2221.749660674157,,,,,,,,,,,,,,11185.182166386554,,,,,,,,,,,,,,,,,,5381.9098,,
Nepal,2001,,,,,,,,,,,,,,,,,,,,,,,,,,,,,,,,,,,,,,,,,,,,,,,,,,,,,,,,,,,,,,,,,,,,,,,,,,,,,,,,,,,,,,,,,,,,,,,,,,,,,,,,,,,,,,,,,,,,,,,,,,,,,,,,,,,,,,,,,,,,,,,,,,,,,17.39,,,,,,,,,,,,,,,,,,,,,,,,,,,,,,,,,,,,,,,,,,,,,,17.971888888888888,,
Nepal,2002,,,,,,,,,,,,,,,,,,,,,,,,,,,,,,,,,,,,,,,,,,,,,,,,,,,,,,,,,,,,,,,,,,,,,,,,,,,,,,,,,,,,,,,,,,,,,,,,,,,,,,,,,,,,,,,,,,,,,,,,,,,,,,,,,,,,,,,,,,,,,,,,,,,,,16.949917355371902,,,,,,,,,,,,,,,,,,,,,,,,,,,,,,,,,,,,,,,,,,,,,,17.947499999999998,,
Nepal,2003,,,,,,,,,,,,,,,,,,,,,,,,,,,,,,,,,,,,,,,,,,,,,,,,,,,,,,,,,,,,,,,,,,,,,,,,,,,,,,,,,,,,,,,,,,,,,,,,,,,,,,,,,,,,,,,,,,,,,,,,,,,,,,,,,,,,,,,,,,,,,,,,,,,,,17.528991596638654,,,,,,,,,,,,,,,,,,,,,,,,,,,,,,,,,,,,,,,,,,,,,,19.93519230769231,,
Nepal,2004,,,,,,,,,,,,,,,,,,,,,,,,,,,,,,,,,,,,,,,,,,,,,,,,,,,,,,,,,,,,,,,,,,,,,,,,,,,,,,,,,,,,,,,,,,,,,,,,,,,,,,,,,,,,,,,,,,,,,,,,,,,,,,,,,,,,,,,,,,,,,,,,,,,,,18.499662162162164,,,,,,,,,,,,,,,,,,,,,,,,,,,,,,,,,,,,,,,,,,,,,,19.90318396226415,,
Nepal,2005,,,,,,,,,,,,,,,,,,,,,,,,,,,,,,,,,,,,,,,,,,,,,,,,,,,,,,,,,,,,,,,,,,,,,,,,,,,,,,,,,,,,,,,,,,,,,,,,,,,,,,,,,,,,,,,,,,,,,,,,,,,,,,,,,,,,,,,,,,,,,,,,,,,,,20.36299145299145,,,,,,,,,,,,,,,,,,,,,,,,,,,,,,,,,,,,,,,,,,,,,,21.396493506493506,,
Nepal,2006,,,,,,,,,,,,,,,,,,,,,,,,,,,,,,,,,,,,,,,,,,,,,,,,,,,,,,,,,,,,,,,,,,,,,,,,,,,,,,,,,,,,,,,,,,,,,,,,,,,,,,,,,,,,,,,,,,,,,,,,,,,,,,,,,,,,,,,,,,,,,,,,,,,,,22.270694298245612,,,,,,,,,,,,,,,,,,,,,,,,,,,,,,,,,,,,,,,,,,,,,,24.51931111111111,,
Nepal,2007,,,,,,,,,,,,,,,,,,,,,,,,,,,,,,,,,,,,,,,,,,,,,,,,,,,,,,,,,,,,,,,,,,,,,,,,,,,,,,,,,,,,,,,,,,,,,,,,,,,,,,,,,,,,,,,,,,,,,,,,,,,,,,,,,,,,,,,,,,,,,,,,,,,,,24.02691017964072,,,,,,,,,,,,,,,,,,,,,,,,,,,,,,,,,,,,,,,,,,,,,,27.992844311377247,,
Nepal,2008,,,,,,,,,,,,,,,,,,,,,,,,,,,,,,,,,,,,,,,,,,,,,,,,,,,,,,,,,,,,,,,,,,,,,,,,,,,,,,,,,,,,,,,,,,,,,,,,,,,,,,,,,,,,,,,,,,,,,,,,,,,,,,,,,,,,,,,,,,,,,,,,,,,,,28.848078333333333,,,,,,,,,,,,,,,,,,,,,,,,,,,,,,,,,,,,,,,,,,,,,,28.93775,,
Nepal,2009,,,,,,,,,,,,,,,,,,,,,,,,,,,,,,,,,,,,,,,,,,,,,,,,,,,,,,,,,,,,,,,,,,,,,,,,,,,,,,,,,,,,,,,,,,,,,,,,,,,,,,,,,,,,,,,,,,,,,,,,,,,,,,,,,,,,,,,,,,,,,,,,,,,,,30.419274809160306,,,,,,,,,,,,,,,,,,,,,,,,,,,,,,,,,,,,,,,,,,,,,,30.394469696969697,,
Nepal,2010,,,,,,,,,,,,,,,,,,,,,,,,,,,,,,,,,,,,,,,,,,,,,,,,,,,,,,,,,,,,,,,,,,,,,,,,,,,,,,,,,,,,,,,,,,,,,,,,,,,,,,,,,,,,,,,,,,,,,,,,,,,,,,,,,,,,,,,,,,,,,,,,,,,,,33.41780303030303,,,,,,,,,,,,,,,,,,,,,,,,,,,,,,,,,,,,,,,,,,,,,,34.45151515151515,,
Nepal,2011,,,,,,,,,,,,,,,,,,,,,,,,,,,,,,,,,,,,,,,,,,,,,,,,,,,,,,,,,,,,,,,,,,,,,,,,,,,,,,,,,,,,,,,,,,,,,,,,,,,,,,,,,,,,,,,,,,,,,,,,,,,,,,,,,,,,,,,,,,,,,,,,,,,,,34.71969230769231,,,,,,,,,,,,,,,,,,,,,,,,,,,,,,,,,,,,,,,,,,,,,,35.99476923076923,,
Nepal,2012,,,,,,,,,,,,,,,,,,,,,,,,,,,,,,,,,,,,,,,,,,,,,,,,,,,,,,,,,,,,,,,,,,,,,,,,,,,,,,,,,,,,,,,,,,,,,,,,,,,,,,,,,,,,,,,,,,,,,,,,,,,,,,,,,,,,,,,,,,,,,,,,,,,,,34.031015625,,,,,,,,,,,,,,,,,,,,,,,,,,,,,,,,,,,,,,,,,,,,,,35.2775,,
Nepal,2013,,,,,,,,,,,,,,,,,,,,,,,,,,,,,,,,,,,,,,,,,,,,,,,,,,,,,,,,,,,,,,,,,,,,,,,,,,,,,,,,,,,,,,,,,,,,,,,,,,,,,,,,,,,,,,,,,,,,,,,,,,,,,,,,,,,,,,,,,,,,,,,,,,,,,39.115234375,,,,,,,,,,,,,,,,,,,,,,,,,,,,,,,,,,,,,,,,,,,,,,40.27461538461538,,
Nepal,2014,,,,,,,,,,,,,,,,,,,,,,,,,,,,,,,,,,,,,,,,,,,,,,,,,,,,,,,,,,,,,,,,,,,,,,,,,,,,,,,,,,,,,,,,,,,,,,,,,,,,,,,,,,,,,,,,,,,,,,,,,,,,,,,,,,,,,,,,,,,,,,,,,,,,,41.70661157024794,,,,,,,,,,,,,,,,,,,,,,,,,,,,,,,,,,,,,,,,,,,,,,43.75,,
Nepal,2015,,,,,,,,,,,,,,,,,,,,,,,,,,,,,,,,,,,,,,,,,,,,,,,,,,,,,,,,,,,,,,,,,,,,,,,,,,,,,,,,,,,,,,,,,,,,,,,,,,,,,,,,,,,,,,,,,,,,,,,,,,,,,,,,,,,,,,,,,,,,,,,,,,,,,42.62460317460317,,,,,,,,,,,,,,,,,,,,,,,,,,,,,,,,,,,,,,,,,,,,,,45.081746031746036,,
Nepal,2016,,,,,,,,,,,,,,,,,,,,,,,,,,,,,,,,,,,,,,,,,,,,,,,,,,,,,,,,,,,,,,,,,,,,,,,,,,,,,,,,,,,,,,,,,,,,,,,,,,,,,,,,,,,,,,,,,,,,,,,,,,,,,,,,,,,,,,,,,,,,,,,,,,,,,43.674393939393944,,,,,,,,,,,,,,,,,,,,,,,,,,,,,,,,,,,,,,,,,,,,,,46.40333333333333,,
Nepal,2017,,,,,,,,,,,,,,,,,,,,,,,,,,,,,,,,,,,,,,,,,,,,,,,,,,,,,,,,,,,,,,,,,,,,,,,,,,,,,,,,,,,,,,,,,,,,,,,,,,,,,,,,,,,,,,,,,,,,,,,,,,,,,,,,,,,,,,,,,,,,,,,,,,,,,43.70681818181818,,,,,,,,,,,,,,,,,,,,,,,,,,,,,,,,,,,,,,,,,,,,,,45.17272727272727,,
Nepal,2018,,,,,,,,,,,,,,,,,,,,,,,,,,,,,,,,,,,,,,,,,,,,,,,,,,,,,,,,,,,,,,,,,,,,,,,,,,,,,,,,,,,,,,,,,,,,,,,,,,,,,,,,,,,,,,,,,,,,,,,,,,,,,,,,,,,,,,,,,,,,,,,,,,,,,46.333333333333336,,,,,,,,,,,,,,,,,,,,,,,,,,,,,,,,,,,,,,,,,,,,,,43.957264957264954,,
Nepal,2019,,185.11904761904762,,,,136.43636363636364,,,,,,,,,,,,,,,,,,,,,,53.122727272727275,,82.94021739130434,,,,,,,,,,,,125.54708520179372,,,,,,,,,,,,,,,,,,,,,,,,,,,,,,422.37113402061857,,,,,,,,,,,125.68,,,,,,,,,,,,,,,,,,,380.4888888888889,,,,,,,,,,,,,,,,,,,,,,,,,,133.9189189189189,,,,,,185.49720670391062,,,,,,43.495098039215684,,,,,,52.50251256281407,,,48.901408450704224,,,,,81.41333333333333,,,,,,,,,,,,,,,,,,,,,,,,,,,,,,96.98222222222222,,,,,,,,,,,54.42424242424242,,
Nepal,2020,,222.67293157894736,,,,155.21438423236512,,,,,,,,,,,,,,,,,,,,,,51.152989312977105,,87.99328859060402,,,,,,,,,,,,125.64911331058019,,,,,,,,,,,,,,,,,,,,,,,,,,,,,,452.3361104166667,,,,,,,,,,,135.2289425170068,,,,,,,,,,,,,,,,,,,378.103636,,,,,,,,,,,,,,,,,,,,,,,,,,129.00277722222222,,,,,,199.4255319148936,,,,,,57.22407222222222,,,,,,52.777285398230084,,,51.21648514492754,,,,,69.14412354948806,,,,,,,,,,,,,,,,,,,,,,,,,,,,,,87.1220010791367,,,,,,,,,,,62.98769659863945,,
Nepal,2021,,251.7094017094017,,,,174.70714285714286,,,,,,,,,,,,,,,,,,,,,,50.107142857142854,,86.15671641791045,,,,,,,,,,,,143.75,,,,,,,,,,,,,,,,,,,,,,,,,,,,,,425.40909090909093,,,,,,,,,,,148.07857142857142,,,,,,,,,,,,,,,,,,,416.57142857142856,,,,,,,,,,,,,,,,,,,,,,,,,,169.126213592233,,,,,,255.5511811023622,,,,,,45.385245901639344,,,,,,68.15079365079364,,,53.69565217391305,,,,,71.73571428571428,,,,,,,,,,,,,,,,,,,,,,,,,,,,,,72.27142857142857,,,,,,,,,,,60.47142857142857,,
